division,operational_cost
Manufacturing,450000
Logistics,320000
Procurement,210000
Warehousing,180000
Retail,275000
Marketing,95000
Human Resources,65000
Finance,120000
IT Infrastructure,310000
Cloud Services,285000
Research and Development,390000
Customer Support,140000
Legal Operations,80000
Compliance,92000
Security,160000
Transportation,430000
Import Operations,250000
Export Operations,270000
Packaging,175000
Energy Management,360000
Water Treatment,145000
Recycling Unit,98000
Construction,410000
Mining Division,520000
Oil and Gas,610000
Renewable Energy,295000
Agriculture,185000
Food Processing,230000
Cold Storage,155000
Fleet Management,340000
Business Travel,125000
Training Department,70000
Sales Division,260000
International Operations,480000
Regional Office East,85000
Regional Office West,91000
Regional Office North,88000
Regional Office South,93000
Automation Systems,315000
AI Operations,355000
Server Maintenance,170000
Data Center,495000
Smart Grid,280000
Battery Storage,240000
Chemical Processing,465000
Plastic Manufacturing,375000
Paper Production,205000
Textile Operations,295000
Electronics Division,445000
Telecommunications,330000
Healthcare Division,390000
Pharmaceuticals,510000
Biotechnology,470000
Laboratory Services,195000
Testing Facility,165000
Quality Assurance,142000
Vendor Management,118000
Supply Chain,352000
Global Partnerships,287000
Audit Department,104000
Executive Operations,150000